text	start	duration	sequence_id	sentence
Thank	5.728	0.16000000000000014	0	 Thank you.
you.	5.908	0.27999999999999936	0	 Thank you.
